<TICKER>;<PER>;<DATE>;<OPEN>;<CLOSE>;<AMOUNT>;<VOLUME>;<EBITDA>;<FCF>;<OCF>;<OPER INCOME>;<NET INCOME>;<REVENUE>
Sberbank;D;03.01.2022;295,9;305,47;50 183 170;15 116 470 365,3;10,25128205;4,257692308;5,538034188;6,832478633;1,155982906;12,6534188
Sberbank;D;04.01.2022;305,51;304,24;53 270 410;16 277 165 930,5;10,25128205;4,257692308;5,538034188;6,832478633;1,155982906;12,6534188
Sberbank;D;05.01.2022;303,72;287,01;70 017 630;20 740 935 491,0;10,25128205;4,257692308;5,538034188;6,832478633;1,155982906;12,6534188
Sberbank;D;06.01.2022;286,6;293,92;79 380 930;23 128 604 540,0;10,25128205;4,257692308;5,538034188;6,832478633;1,155982906;12,6534188
Sberbank;D;10.01.2022;295,52;291,69;67 426 550;19 757 691 963,7;10,25128205;4,257692308;5,538034188;6,832478633;1,155982906;12,6534188
Sberbank;D;11.01.2022;293,4;291,88;58 921 530;17 141 880 062,9;10,25128205;4,257692308;5,538034188;6,832478633;1,155982906;12,6534188
Sberbank;D;12.01.2022;292,82;290,4;81 822 450;23 674 409 517,2;10,25128205;4,257692308;5,538034188;6,832478633;1,155982906;12,6534188
Sberbank;D;13.01.2022;289,56;272,5;211 556 190;58 998 956 306,5;10,25128205;4,257692308;5,538034188;6,832478633;1,155982906;12,6534188
Sberbank;D;14.01.2022;272,39;261;406 253 690;105 840 690 373,5;10,25128205;4,257692308;5,538034188;6,832478633;1,155982906;12,6534188
Sberbank;D;17.01.2022;262,15;257,78;248 689 250;63 249 791 802,6;10,25128205;4,257692308;5,538034188;6,832478633;1,155982906;12,6534188
Sberbank;D;18.01.2022;258,8;234,7;484 056 480;115 765 833 652,0;10,25128205;4,257692308;5,538034188;6,832478633;1,155982906;12,6534188
Sberbank;D;19.01.2022;232,9;244,86;360 958 990;86 623 311 717,5;10,25128205;4,257692308;5,538034188;6,832478633;1,155982906;12,6534188
Sberbank;D;20.01.2022;244,17;254,61;329 113 650;82 793 764 163,4;10,25128205;4,257692308;5,538034188;6,832478633;1,155982906;12,6534188
Sberbank;D;21.01.2022;252,99;246,9;295 690 670;74 378 247 142,4;10,25128205;4,257692308;5,538034188;6,832478633;1,155982906;12,6534188
Sberbank;D;24.01.2022;246,51;236,97;325 829 650;76 615 666 498,0;10,25128205;4,257692308;5,538034188;6,832478633;1,155982906;12,6534188
Sberbank;D;25.01.2022;237;239,59;232 596 970;55 146 749 879,2;10,25128205;4,257692308;5,538034188;6,832478633;1,155982906;12,6534188
Sberbank;D;26.01.2022;240,5;236,9;224 840 650;53 688 065 880,5;10,25128205;4,257692308;5,538034188;6,832478633;1,155982906;12,6534188
Sberbank;D;27.01.2022;235;254,29;301 306 340;75 092 074 862,5;10,25128205;4,257692308;5,538034188;6,832478633;1,155982906;12,6534188
Sberbank;D;28.01.2022;255,87;257,82;204 180 270;52 531 847 944,2;10,25128205;4,257692308;5,538034188;6,832478633;1,155982906;12,6534188
Sberbank;D;31.01.2022;258,98;269,42;156 175 080;41 439 465 846,6;10,25128205;4,257692308;5,538034188;6,832478633;1,155982906;12,6534188
Sberbank;D;01.02.2022;269,72;264,7;170 396 140;45 265 999 275,4;10,25128205;4,257692308;5,538034188;6,832478633;1,155982906;12,6534188
Sberbank;D;02.02.2022;265,88;261;170 215 080;44 266 555 958,2;10,25128205;4,257692308;5,538034188;6,832478633;1,155982906;12,6534188
Sberbank;D;03.02.2022;258,45;250,79;151 173 100;38 264 109 218,8;10,25128205;4,257692308;5,538034188;6,832478633;1,155982906;12,6534188
Sberbank;D;04.02.2022;251,99;256,53;127 035 170;32 465 015 937,6;10,25128205;4,257692308;5,538034188;6,832478633;1,155982906;12,6534188
Sberbank;D;07.02.2022;256,99;257,61;85 586 640;21 984 857 622,9;10,25128205;4,257692308;5,538034188;6,832478633;1,155982906;12,6534188
Sberbank;D;08.02.2022;257,6;269,8;161 506 220;42 797 055 854,6;10,25128205;4,257692308;5,538034188;6,832478633;1,155982906;12,6534188
Sberbank;D;09.02.2022;270,01;279,09;193 575 010;53 580 134 334,3;10,25128205;4,257692308;5,538034188;6,832478633;1,155982906;12,6534188
Sberbank;D;10.02.2022;279,2;275,2;180 148 360;49 971 152 910,0;10,25128205;4,257692308;5,538034188;6,832478633;1,155982906;12,6534188
Sberbank;D;11.02.2022;274,9;260,83;213 954 390;57 202 046 478,0;10,25128205;4,257692308;5,538034188;6,832478633;1,155982906;12,6534188
Sberbank;D;14.02.2022;256,69;256,7;357 654 570;90 439 846 224,3;10,25128205;4,257692308;5,538034188;6,832478633;1,155982906;12,6534188
Sberbank;D;15.02.2022;257,89;274;271 518 670;72 536 855 943,8;10,25128205;4,257692308;5,538034188;6,832478633;1,155982906;12,6534188
Sberbank;D;16.02.2022;276,88;277,78;195 822 410;54 327 320 546,5;10,25128205;4,257692308;5,538034188;6,832478633;1,155982906;12,6534188
Sberbank;D;17.02.2022;277;260,58;262 088 700;69 639 981 675,4;10,25128205;4,257692308;5,538034188;6,832478633;1,155982906;12,6534188
Sberbank;D;18.02.2022;262,13;250,28;270 594 740;69 033 777 422,6;10,25128205;4,257692308;5,538034188;6,832478633;1,155982906;12,6534188
Sberbank;D;21.02.2022;249,15;201;1 084 508 440;238 583 656 296,9;10,25128205;4,257692308;5,538034188;6,832478633;1,155982906;12,6534188
Sberbank;D;22.02.2022;198,72;208,53;946 020 570;188 663 299 795,8;10,25128205;4,257692308;5,538034188;6,832478633;1,155982906;12,6534188
Sberbank;D;24.02.2022;187,54;132,18;829 355 880;98 281 399 197,4;10,25128205;4,257692308;5,538034188;6,832478633;1,155982906;12,6534188
Sberbank;D;25.02.2022;123,75;131,12;396 287 150;51 769 813 725,2;10,25128205;4,257692308;5,538034188;6,832478633;1,155982906;12,6534188
Sberbank;D;24.03.2022;131;136,24;159 464 350;22 692 069 361,4;10,25128205;4,257692308;5,538034188;6,832478633;1,155982906;12,6534188
Sberbank;D;25.03.2022;137;131,5;57 662 950;7 725 368 187,0;10,25128205;4,257692308;5,538034188;6,832478633;1,155982906;12,6534188
Sberbank;D;28.03.2022;130,6;125;33 212 430;4 203 874 797,0;10,25128205;4,257692308;5,538034188;6,832478633;1,155982906;12,6534188
Sberbank;D;29.03.2022;126,16;128,77;72 338 740;9 470 337 365,6;10,25128205;4,257692308;5,538034188;6,832478633;1,155982906;12,6534188
Sberbank;D;30.03.2022;136,89;134,6;35 675 450;4 754 053 635,4;10,25128205;4,257692308;5,538034188;6,832478633;1,155982906;12,6534188
Sberbank;D;31.03.2022;135,25;143,69;118 425 000;16 669 448 877,5;10,25128205;4,257692308;5,538034188;6,832478633;1,155982906;12,6534188
Sberbank;D;01.04.2022;145;154,5;118 880 720;18 022 334 419,5;10,25128205;4,257692308;5,538034188;6,832478633;1,155982906;12,6534188
Sberbank;D;04.04.2022;158,76;166;115 938 910;18 622 917 617,7;10,25128205;4,257692308;5,538034188;6,832478633;1,155982906;12,6534188
Sberbank;D;05.04.2022;169,83;154,1;130 342 790;20 715 568 335,3;10,25128205;4,257692308;5,538034188;6,832478633;1,155982906;12,6534188
Sberbank;D;06.04.2022;143,51;141,6;109 040 410;16 064 065 136,0;10,25128205;4,257692308;5,538034188;6,832478633;1,155982906;12,6534188
Sberbank;D;07.04.2022;143,1;147,5;58 839 040;8 603 867 601,8;10,25128205;4,257692308;5,538034188;6,832478633;1,155982906;12,6534188
Sberbank;D;08.04.2022;149,05;143,72;48 450 590;7 042 432 416,5;10,25128205;4,257692308;5,538034188;6,832478633;1,155982906;12,6534188
Sberbank;D;11.04.2022;144,09;138,69;47 575 830;6 769 147 874,0;10,25128205;4,257692308;5,538034188;6,832478633;1,155982906;12,6534188
Sberbank;D;12.04.2022;138,84;135,38;75 388 800;10 068 815 929,1;10,25128205;4,257692308;5,538034188;6,832478633;1,155982906;12,6534188
Sberbank;D;13.04.2022;136,78;135,5;39 087 840;5 281 816 161,7;10,25128205;4,257692308;5,538034188;6,832478633;1,155982906;12,6534188
Sberbank;D;14.04.2022;135,85;129,05;44 368 360;5 854 258 707,0;10,25128205;4,257692308;5,538034188;6,832478633;1,155982906;12,6534188
Sberbank;D;15.04.2022;128,55;130,88;46 772 550;6 025 059 285,1;10,25128205;4,257692308;5,538034188;6,832478633;1,155982906;12,6534188
Sberbank;D;18.04.2022;131,41;123,85;58 500 600;7 419 239 922,5;10,25128205;4,257692308;5,538034188;6,832478633;1,155982906;12,6534188
Sberbank;D;19.04.2022;123,85;120,3;79 905 700;9 552 876 654,9;10,25128205;4,257692308;5,538034188;6,832478633;1,155982906;12,6534188
Sberbank;D;20.04.2022;121;121,5;66 603 200;8 136 201 185,3;10,25128205;4,257692308;5,538034188;6,832478633;1,155982906;12,6534188
Sberbank;D;21.04.2022;121,97;118,65;40 648 560;4 864 876 092,9;10,25128205;4,257692308;5,538034188;6,832478633;1,155982906;12,6534188
Sberbank;D;22.04.2022;118,65;116,97;57 466 590;6 798 689 067,5;10,25128205;4,257692308;5,538034188;6,832478633;1,155982906;12,6534188
Sberbank;D;25.04.2022;116;111,9;45 811 390;5 179 109 798,5;10,25128205;4,257692308;5,538034188;6,832478633;1,155982906;12,6534188
Sberbank;D;26.04.2022;112,58;122,36;83 540 530;9 832 906 106,8;10,25128205;4,257692308;5,538034188;6,832478633;1,155982906;12,6534188
Sberbank;D;27.04.2022;123;131,11;115 500 050;14 832 382 819,5;10,25128205;4,257692308;5,538034188;6,832478633;1,155982906;12,6534188
Sberbank;D;28.04.2022;132,14;123,85;123 541 890;16 007 384 988,2;10,25128205;4,257692308;5,538034188;6,832478633;1,155982906;12,6534188
Sberbank;D;29.04.2022;123,67;128,8;87 366 110;11 075 903 085,1;10,25128205;4,257692308;5,538034188;6,832478633;1,155982906;12,6534188
Sberbank;D;04.05.2022;129,1;123,2;67 289 000;8 444 076 353,1;10,25128205;4,257692308;5,538034188;6,832478633;1,155982906;12,6534188
Sberbank;D;05.05.2022;124,21;124,8;42 383 000;5 266 724 459,4;10,25128205;4,257692308;5,538034188;6,832478633;1,155982906;12,6534188
Sberbank;D;06.05.2022;124,74;123,1;30 602 500;3 758 705 967,7;10,25128205;4,257692308;5,538034188;6,832478633;1,155982906;12,6534188
Sberbank;D;11.05.2022;123;123,34;32 870 440;4 074 118 445,5;10,25128205;4,257692308;5,538034188;6,832478633;1,155982906;12,6534188
Sberbank;D;12.05.2022;123,1;119,15;30 846 460;3 736 761 907,6;10,25128205;4,257692308;5,538034188;6,832478633;1,155982906;12,6534188
Sberbank;D;13.05.2022;120,45;120,2;22 838 020;2 743 261 781,4;10,25128205;4,257692308;5,538034188;6,832478633;1,155982906;12,6534188
Sberbank;D;16.05.2022;120,9;123,41;34 940 660;4 270 982 372,6;10,25128205;4,257692308;5,538034188;6,832478633;1,155982906;12,6534188
Sberbank;D;17.05.2022;124;127,75;41 963 590;5 288 189 358,3;10,25128205;4,257692308;5,538034188;6,832478633;1,155982906;12,6534188
Sberbank;D;18.05.2022;128,2;125,12;55 565 940;7 149 065 642,2;10,25128205;4,257692308;5,538034188;6,832478633;1,155982906;12,6534188
Sberbank;D;19.05.2022;125,31;125,6;34 246 550;4 282 808 065,6;10,25128205;4,257692308;5,538034188;6,832478633;1,155982906;12,6534188
Sberbank;D;20.05.2022;126,06;122,2;39 288 280;4 854 130 253,9;10,25128205;4,257692308;5,538034188;6,832478633;1,155982906;12,6534188
Sberbank;D;23.05.2022;121,5;119,46;37 976 200;4 587 986 948,8;10,25128205;4,257692308;5,538034188;6,832478633;1,155982906;12,6534188
Sberbank;D;24.05.2022;119,45;123,6;45 164 830;5 467 479 952,3;10,25128205;4,257692308;5,538034188;6,832478633;1,155982906;12,6534188
Sberbank;D;25.05.2022;124,11;124,15;53 511 900;6 588 459 652,6;10,25128205;4,257692308;5,538034188;6,832478633;1,155982906;12,6534188
Sberbank;D;26.05.2022;124,8;123;51 985 140;6 438 132 740,8;10,25128205;4,257692308;5,538034188;6,832478633;1,155982906;12,6534188
Sberbank;D;27.05.2022;123;121,22;32 685 350;3 981 861 287,2;10,25128205;4,257692308;5,538034188;6,832478633;1,155982906;12,6534188
Sberbank;D;30.05.2022;121,6;120,67;24 957 710;3 035 846 751,9;10,25128205;4,257692308;5,538034188;6,832478633;1,155982906;12,6534188
Sberbank;D;31.05.2022;120;118,3;29 983 170;3 557 831 216,3;10,25128205;4,257692308;5,538034188;6,832478633;1,155982906;12,6534188
Sberbank;D;01.06.2022;117,5;121,97;43 785 040;5 296 798 375,3;10,25128205;4,257692308;5,538034188;6,832478633;1,155982906;12,6534188
Sberbank;D;02.06.2022;121,9;119;42 769 900;5 125 256 938,4;10,25128205;4,257692308;5,538034188;6,832478633;1,155982906;12,6534188
Sberbank;D;03.06.2022;119,29;119,21;34 341 530;4 067 212 982,5;10,25128205;4,257692308;5,538034188;6,832478633;1,155982906;12,6534188
Sberbank;D;06.06.2022;119,26;118,78;22 281 970;2 652 231 034,2;10,25128205;4,257692308;5,538034188;6,832478633;1,155982906;12,6534188
Sberbank;D;07.06.2022;118,68;118,32;22 274 020;2 629 117 760,2;10,25128205;4,257692308;5,538034188;6,832478633;1,155982906;12,6534188
Sberbank;D;08.06.2022;118,51;119,9;41 514 970;5 003 858 591,9;10,25128205;4,257692308;5,538034188;6,832478633;1,155982906;12,6534188
Sberbank;D;09.06.2022;120;118,2;29 371 970;3 477 327 986,1;10,25128205;4,257692308;5,538034188;6,832478633;1,155982906;12,6534188
Sberbank;D;10.06.2022;118,03;118,07;25 373 000;3 006 397 517,2;10,25128205;4,257692308;5,538034188;6,832478633;1,155982906;12,6534188
Sberbank;D;14.06.2022;118,03;118,98;37 690 460;4 454 820 677,7;10,25128205;4,257692308;5,538034188;6,832478633;1,155982906;12,6534188
Sberbank;D;15.06.2022;119,4;121,14;52 262 500;6 293 254 524,8;10,25128205;4,257692308;5,538034188;6,832478633;1,155982906;12,6534188
Sberbank;D;16.06.2022;121,5;123,73;47 921 410;5 865 468 454,0;10,25128205;4,257692308;5,538034188;6,832478633;1,155982906;12,6534188
Sberbank;D;17.06.2022;123,97;123,88;36 608 520;4 542 499 796,0;10,25128205;4,257692308;5,538034188;6,832478633;1,155982906;12,6534188
Sberbank;D;20.06.2022;124,1;131,29;65 683 460;8 358 193 641,7;10,25128205;4,257692308;5,538034188;6,832478633;1,155982906;12,6534188
Sberbank;D;21.06.2022;131,98;129,1;75 565 750;9 779 358 224,0;10,25128205;4,257692308;5,538034188;6,832478633;1,155982906;12,6534188
Sberbank;D;22.06.2022;127,88;133,11;67 799 070;8 798 787 966,1;10,25128205;4,257692308;5,538034188;6,832478633;1,155982906;12,6534188
Sberbank;D;23.06.2022;133,9;136,85;108 118 920;14 709 729 514,2;10,25128205;4,257692308;5,538034188;6,832478633;1,155982906;12,6534188
Sberbank;D;24.06.2022;137,16;137,76;45 254 820;6 186 219 567,5;10,25128205;4,257692308;5,538034188;6,832478633;1,155982906;12,6534188
Sberbank;D;27.06.2022;137,7;141,15;69 963 540;9 812 403 018,2;10,25128205;4,257692308;5,538034188;6,832478633;1,155982906;12,6534188
Sberbank;D;28.06.2022;141,75;139,99;54 863 240;7 675 925 017,5;10,25128205;4,257692308;5,538034188;6,832478633;1,155982906;12,6534188
Sberbank;D;29.06.2022;139,8;132,8;55 164 310;7 517 497 903,8;10,25128205;4,257692308;5,538034188;6,832478633;1,155982906;12,6534188
Sberbank;D;30.06.2022;132,5;125,2;91 499 020;11 774 451 572,6;10,25128205;4,257692308;5,538034188;6,832478633;1,155982906;12,6534188
Sberbank;D;01.07.2022;124,13;129,91;60 628 570;7 809 271 635,9;10,25128205;4,257692308;5,538034188;6,832478633;1,155982906;12,6534188
Sberbank;D;04.07.2022;129;131,43;48 006 990;6 244 209 442,1;10,25128205;4,257692308;5,538034188;6,832478633;1,155982906;12,6534188
Sberbank;D;05.07.2022;132;133,5;51 662 270;6 901 128 618,2;10,25128205;4,257692308;5,538034188;6,832478633;1,155982906;12,6534188
Sberbank;D;06.07.2022;133,5;134;47 075 440;6 371 451 571,2;10,25128205;4,257692308;5,538034188;6,832478633;1,155982906;12,6534188
Sberbank;D;07.07.2022;134;133,09;43 059 280;5 736 860 567,7;10,25128205;4,257692308;5,538034188;6,832478633;1,155982906;12,6534188
Sberbank;D;08.07.2022;133,15;133,3;27 635 050;3 656 551 234,1;10,25128205;4,257692308;5,538034188;6,832478633;1,155982906;12,6534188
Sberbank;D;11.07.2022;132,8;126,8;53 725 410;6 951 759 089,7;10,25128205;4,257692308;5,538034188;6,832478633;1,155982906;12,6534188
Sberbank;D;12.07.2022;126,5;129;57 254 290;7 276 446 907,2;10,25128205;4,257692308;5,538034188;6,832478633;1,155982906;12,6534188
Sberbank;D;13.07.2022;129,8;126;45 932 640;5 838 157 717,2;10,25128205;4,257692308;5,538034188;6,832478633;1,155982906;12,6534188
Sberbank;D;14.07.2022;125,97;125,9;41 704 620;5 273 758 237,4;10,25128205;4,257692308;5,538034188;6,832478633;1,155982906;12,6534188
Sberbank;D;15.07.2022;126,06;128,9;44 954 140;5 725 166 716,2;10,25128205;4,257692308;5,538034188;6,832478633;1,155982906;12,6534188
Sberbank;D;18.07.2022;130;128,11;35 478 100;4 560 441 171,4;10,25128205;4,257692308;5,538034188;6,832478633;1,155982906;12,6534188
Sberbank;D;19.07.2022;128;127,76;32 381 170;4 101 676 311,8;10,25128205;4,257692308;5,538034188;6,832478633;1,155982906;12,6534188
Sberbank;D;20.07.2022;128,12;126,44;34 762 350;4 450 301 742,2;10,25128205;4,257692308;5,538034188;6,832478633;1,155982906;12,6534188
Sberbank;D;21.07.2022;126,44;125,48;53 633 030;6 674 132 987,5;10,25128205;4,257692308;5,538034188;6,832478633;1,155982906;12,6534188
Sberbank;D;22.07.2022;125,5;128,82;46 478 250;5 934 551 084,8;10,25128205;4,257692308;5,538034188;6,832478633;1,155982906;12,6534188
Sberbank;D;25.07.2022;128,9;131,45;55 990 880;7 278 558 481,8;10,25128205;4,257692308;5,538034188;6,832478633;1,155982906;12,6534188
Sberbank;D;26.07.2022;132,02;132,9;50 351 100;6 674 121 413,4;10,25128205;4,257692308;5,538034188;6,832478633;1,155982906;12,6534188
Sberbank;D;27.07.2022;132,9;132,5;42 526 820;5 666 320 132,8;10,25128205;4,257692308;5,538034188;6,832478633;1,155982906;12,6534188
Sberbank;D;28.07.2022;133,01;131,72;40 102 900;5 270 874 128,5;10,25128205;4,257692308;5,538034188;6,832478633;1,155982906;12,6534188
Sberbank;D;29.07.2022;131,65;131,9;27 788 260;3 657 277 546,3;10,25128205;4,257692308;5,538034188;6,832478633;1,155982906;12,6534188
Sberbank;D;01.08.2022;131,77;127,34;44 322 900;5 733 440 411,9;10,25128205;4,257692308;5,538034188;6,832478633;1,155982906;12,6534188
Sberbank;D;02.08.2022;126,6;127,53;44 006 150;5 597 372 358,7;10,25128205;4,257692308;5,538034188;6,832478633;1,155982906;12,6534188
Sberbank;D;03.08.2022;128,05;126,85;30 948 110;3 954 448 973,2;10,25128205;4,257692308;5,538034188;6,832478633;1,155982906;12,6534188
Sberbank;D;04.08.2022;126,94;126,95;19 560 540;2 486 974 528,6;10,25128205;4,257692308;5,538034188;6,832478633;1,155982906;12,6534188
Sberbank;D;05.08.2022;127,5;122,4;61 176 570;7 580 630 330,2;10,25128205;4,257692308;5,538034188;6,832478633;1,155982906;12,6534188
Sberbank;D;08.08.2022;126,11;123,81;53 664 860;6 717 450 630,0;10,25128205;4,257692308;5,538034188;6,832478633;1,155982906;12,6534188
Sberbank;D;09.08.2022;123,9;126,4;37 919 970;4 714 973 255,6;10,25128205;4,257692308;5,538034188;6,832478633;1,155982906;12,6534188
Sberbank;D;10.08.2022;126,25;126,2;31 939 910;4 026 159 269,7;10,25128205;4,257692308;5,538034188;6,832478633;1,155982906;12,6534188
Sberbank;D;11.08.2022;126,97;123,45;30 949 210;3 873 147 168,4;10,25128205;4,257692308;5,538034188;6,832478633;1,155982906;12,6534188
Sberbank;D;12.08.2022;123,46;124,88;27 223 160;3 377 655 734,9;10,25128205;4,257692308;5,538034188;6,832478633;1,155982906;12,6534188
Sberbank;D;15.08.2022;124,56;125;25 355 480;3 150 239 987,1;10,25128205;4,257692308;5,538034188;6,832478633;1,155982906;12,6534188
Sberbank;D;16.08.2022;125,2;126,39;27 290 920;3 439 359 278,0;10,25128205;4,257692308;5,538034188;6,832478633;1,155982906;12,6534188
Sberbank;D;17.08.2022;126,58;124,5;32 888 950;4 134 398 010,8;10,25128205;4,257692308;5,538034188;6,832478633;1,155982906;12,6534188
Sberbank;D;18.08.2022;124,39;126,3;25 415 410;3 189 014 037,0;10,25128205;4,257692308;5,538034188;6,832478633;1,155982906;12,6534188
Sberbank;D;19.08.2022;126,3;125,2;18 676 990;2 339 575 284,4;10,25128205;4,257692308;5,538034188;6,832478633;1,155982906;12,6534188
Sberbank;D;22.08.2022;125;126,06;24 510 110;3 083 949 126,3;10,25128205;4,257692308;5,538034188;6,832478633;1,155982906;12,6534188
Sberbank;D;23.08.2022;126,06;130,38;65 419 130;8 448 692 324,8;10,25128205;4,257692308;5,538034188;6,832478633;1,155982906;12,6534188
Sberbank;D;24.08.2022;130,6;128,15;45 833 690;5 940 974 237,7;10,25128205;4,257692308;5,538034188;6,832478633;1,155982906;12,6534188
Sberbank;D;25.08.2022;128,15;128,18;36 067 720;4 630 467 612,5;10,25128205;4,257692308;5,538034188;6,832478633;1,155982906;12,6534188
Sberbank;D;26.08.2022;128,02;130,4;32 879 870;4 251 007 186,7;10,25128205;4,257692308;5,538034188;6,832478633;1,155982906;12,6534188
Sberbank;D;29.08.2022;130,12;131,17;40 911 490;5 342 794 309,5;10,25128205;4,257692308;5,538034188;6,832478633;1,155982906;12,6534188
Sberbank;D;30.08.2022;131,17;130,05;51 084 490;6 706 724 051,1;10,25128205;4,257692308;5,538034188;6,832478633;1,155982906;12,6534188
Sberbank;D;31.08.2022;132,3;134,25;107 450 510;14 439 588 088,8;10,25128205;4,257692308;5,538034188;6,832478633;1,155982906;12,6534188
Sberbank;D;01.09.2022;133,99;138,2;54 942 470;7 406 741 299,8;10,25128205;4,257692308;5,538034188;6,832478633;1,155982906;12,6534188
Sberbank;D;02.09.2022;138,8;143,8;136 891 810;19 355 155 393,0;10,25128205;4,257692308;5,538034188;6,832478633;1,155982906;12,6534188
Sberbank;D;05.09.2022;143,5;141;87 603 050;12 371 122 690,1;10,25128205;4,257692308;5,538034188;6,832478633;1,155982906;12,6534188
Sberbank;D;06.09.2022;140,9;137,23;86 674 520;11 990 944 909,2;10,25128205;4,257692308;5,538034188;6,832478633;1,155982906;12,6534188
Sberbank;D;07.09.2022;136,96;136,86;60 753 730;8 339 250 748,2;10,25128205;4,257692308;5,538034188;6,832478633;1,155982906;12,6534188
Sberbank;D;08.09.2022;136,69;134,51;57 744 420;7 829 982 200,8;10,25128205;4,257692308;5,538034188;6,832478633;1,155982906;12,6534188
Sberbank;D;09.09.2022;134,41;138,15;49 115 280;6 696 870 325,8;10,25128205;4,257692308;5,538034188;6,832478633;1,155982906;12,6534188
Sberbank;D;12.09.2022;137,07;138,7;52 610 620;7 304 865 311,8;10,25128205;4,257692308;5,538034188;6,832478633;1,155982906;12,6534188
Sberbank;D;13.09.2022;138,7;137;44 582 700;6 135 930 533,9;10,25128205;4,257692308;5,538034188;6,832478633;1,155982906;12,6534188
Sberbank;D;14.09.2022;136,6;138,9;62 838 520;8 599 239 020,7;10,25128205;4,257692308;5,538034188;6,832478633;1,155982906;12,6534188
Sberbank;D;15.09.2022;139,15;139,48;56 243 810;7 819 974 773,2;10,25128205;4,257692308;5,538034188;6,832478633;1,155982906;12,6534188
Sberbank;D;16.09.2022;139,37;137,73;71 799 280;9 983 110 793,7;10,25128205;4,257692308;5,538034188;6,832478633;1,155982906;12,6534188
Sberbank;D;19.09.2022;137,4;138,04;33 272 190;4 590 344 282,8;10,25128205;4,257692308;5,538034188;6,832478633;1,155982906;12,6534188
Sberbank;D;20.09.2022;137,87;125,1;208 947 780;27 120 994 882,9;10,25128205;4,257692308;5,538034188;6,832478633;1,155982906;12,6534188
Sberbank;D;21.09.2022;112,5;120,23;136 625 430;16 327 145 213,9;10,25128205;4,257692308;5,538034188;6,832478633;1,155982906;12,6534188
Sberbank;D;22.09.2022;120,25;124,31;117 479 960;14 562 188 054,0;10,25128205;4,257692308;5,538034188;6,832478633;1,155982906;12,6534188
Sberbank;D;23.09.2022;124,49;119,39;85 906 070;10 311 649 883,2;10,25128205;4,257692308;5,538034188;6,832478633;1,155982906;12,6534188
Sberbank;D;26.09.2022;114;107,06;148 638 170;16 617 787 749,1;10,25128205;4,257692308;5,538034188;6,832478633;1,155982906;12,6534188
Sberbank;D;27.09.2022;110;112,92;90 981 060;10 025 188 385,2;10,25128205;4,257692308;5,538034188;6,832478633;1,155982906;12,6534188
Sberbank;D;28.09.2022;112;111,06;77 969 660;8 720 766 869,9;10,25128205;4,257692308;5,538034188;6,832478633;1,155982906;12,6534188
Sberbank;D;29.09.2022;111,59;110,41;67 487 760;7 411 211 658,2;10,25128205;4,257692308;5,538034188;6,832478633;1,155982906;12,6534188
Sberbank;D;30.09.2022;111;110,21;133 569 040;14 569 420 124,9;10,25128205;4,257692308;5,538034188;6,832478633;1,155982906;12,6534188
Sberbank;D;03.10.2022;110,62;114,35;73 960 960;8 280 923 624,7;10,25128205;4,257692308;5,538034188;6,832478633;1,155982906;12,6534188
Sberbank;D;04.10.2022;115,06;110,55;83 564 680;9 371 218 814,4;10,25128205;4,257692308;5,538034188;6,832478633;1,155982906;12,6534188
Sberbank;D;05.10.2022;110,49;108,51;90 416 920;9 776 634 296,1;10,25128205;4,257692308;5,538034188;6,832478633;1,155982906;12,6534188
Sberbank;D;06.10.2022;108,65;108,24;51 741 480;5 630 301 035,4;10,25128205;4,257692308;5,538034188;6,832478633;1,155982906;12,6534188
Sberbank;D;07.10.2022;107,7;101,5;90 989 490;9 560 941 533,5;10,25128205;4,257692308;5,538034188;6,832478633;1,155982906;12,6534188
Sberbank;D;10.10.2022;96,55;106,71;117 465 350;12 100 541 809,1;10,25128205;4,257692308;5,538034188;6,832478633;1,155982906;12,6534188
Sberbank;D;11.10.2022;106,5;107,72;76 962 080;8 212 972 233,2;10,25128205;4,257692308;5,538034188;6,832478633;1,155982906;12,6534188
Sberbank;D;12.10.2022;108,27;105,9;63 378 400;6 748 220 830,6;10,25128205;4,257692308;5,538034188;6,832478633;1,155982906;12,6534188
Sberbank;D;13.10.2022;105,72;106,5;46 849 810;4 973 132 486,8;10,25128205;4,257692308;5,538034188;6,832478633;1,155982906;12,6534188
Sberbank;D;14.10.2022;106,92;107,78;52 565 400;5 631 814 421,3;10,25128205;4,257692308;5,538034188;6,832478633;1,155982906;12,6534188
Sberbank;D;17.10.2022;107,93;112,44;78 496 550;8 680 124 454,5;10,25128205;4,257692308;5,538034188;6,832478633;1,155982906;12,6534188
Sberbank;D;18.10.2022;113,05;110,88;101 854 810;11 468 880 403,2;10,25128205;4,257692308;5,538034188;6,832478633;1,155982906;12,6534188
Sberbank;D;19.10.2022;110,12;112,39;90 693 010;10 047 779 304,8;10,25128205;4,257692308;5,538034188;6,832478633;1,155982906;12,6534188
Sberbank;D;20.10.2022;112,75;116,98;100 723 600;11 611 619 802,2;10,25128205;4,257692308;5,538034188;6,832478633;1,155982906;12,6534188
Sberbank;D;21.10.2022;116,93;119,45;102 382 050;11 996 337 348,7;10,25128205;4,257692308;5,538034188;6,832478633;1,155982906;12,6534188
Sberbank;D;24.10.2022;120,15;118,8;74 539 310;8 899 628 781,0;10,25128205;4,257692308;5,538034188;6,832478633;1,155982906;12,6534188
Sberbank;D;25.10.2022;118,84;124,36;114 156 750;13 988 406 291,3;10,25128205;4,257692308;5,538034188;6,832478633;1,155982906;12,6534188
Sberbank;D;26.10.2022;124,7;124,43;108 495 360;13 490 587 416,3;10,25128205;4,257692308;5,538034188;6,832478633;1,155982906;12,6534188
Sberbank;D;27.10.2022;124,75;126,61;87 915 140;11 099 070 231,0;10,25128205;4,257692308;5,538034188;6,832478633;1,155982906;12,6534188
Sberbank;D;28.10.2022;126,14;126,97;73 660 000;9 289 876 913,2;10,25128205;4,257692308;5,538034188;6,832478633;1,155982906;12,6534188
Sberbank;D;31.10.2022;127,2;126,72;60 762 870;7 705 148 783,6;10,25128205;4,257692308;5,538034188;6,832478633;1,155982906;12,6534188
Sberbank;D;01.11.2022;127,2;127,05;36 820 880;4 678 424 679,9;10,25128205;4,257692308;5,538034188;6,832478633;1,155982906;12,6534188
Sberbank;D;02.11.2022;127,06;125,49;40 216 620;5 091 797 153,1;10,25128205;4,257692308;5,538034188;6,832478633;1,155982906;12,6534188
Sberbank;D;03.11.2022;125,4;125,75;47 720 130;5 968 383 629,5;10,25128205;4,257692308;5,538034188;6,832478633;1,155982906;12,6534188
Sberbank;D;07.11.2022;127,09;132;91 709 630;11 884 172 361,2;10,25128205;4,257692308;5,538034188;6,832478633;1,155982906;12,6534188
Sberbank;D;08.11.2022;132;131,29;69 556 040;9 132 676 225,5;10,25128205;4,257692308;5,538034188;6,832478633;1,155982906;12,6534188
Sberbank;D;09.11.2022;131,06;127,3;64 961 510;8 392 114 411,7;10,25128205;4,257692308;5,538034188;6,832478633;1,155982906;12,6534188
Sberbank;D;10.11.2022;131;136,68;171 748 310;22 986 670 666,3;10,25128205;4,257692308;5,538034188;6,832478633;1,155982906;12,6534188
Sberbank;D;11.11.2022;137,9;136,98;75 710 240;10 343 394 282,0;10,25128205;4,257692308;5,538034188;6,832478633;1,155982906;12,6534188
Sberbank;D;14.11.2022;137,5;139,8;82 521 030;11 457 421 132,4;10,25128205;4,257692308;5,538034188;6,832478633;1,155982906;12,6534188
Sberbank;D;15.11.2022;140,49;135,66;145 543 250;19 905 669 470,0;10,25128205;4,257692308;5,538034188;6,832478633;1,155982906;12,6534188
Sberbank;D;16.11.2022;136,99;139,18;67 090 170;9 275 650 502,9;10,25128205;4,257692308;5,538034188;6,832478633;1,155982906;12,6534188
Sberbank;D;17.11.2022;139,09;137,57;59 160 240;8 183 196 558,2;10,25128205;4,257692308;5,538034188;6,832478633;1,155982906;12,6534188
Sberbank;D;18.11.2022;137,08;136,89;44 076 540;6 017 150 012,2;10,25128205;4,257692308;5,538034188;6,832478633;1,155982906;12,6534188
Sberbank;D;21.11.2022;136,01;134,46;83 599 930;11 204 179 692,7;10,25128205;4,257692308;5,538034188;6,832478633;1,155982906;12,6534188
Sberbank;D;22.11.2022;134,55;135,65;45 822 990;6 185 848 298,4;10,25128205;4,257692308;5,538034188;6,832478633;1,155982906;12,6534188
Sberbank;D;23.11.2022;135,7;136,59;52 302 020;7 131 237 802,3;10,25128205;4,257692308;5,538034188;6,832478633;1,155982906;12,6534188
Sberbank;D;24.11.2022;137;136,61;42 388 720;5 825 797 012,7;10,25128205;4,257692308;5,538034188;6,832478633;1,155982906;12,6534188
Sberbank;D;25.11.2022;137,2;136,53;29 618 830;4 032 240 523,4;10,25128205;4,257692308;5,538034188;6,832478633;1,155982906;12,6534188
Sberbank;D;28.11.2022;135,02;135,53;45 275 110;6 119 857 086,1;10,25128205;4,257692308;5,538034188;6,832478633;1,155982906;12,6534188
Sberbank;D;29.11.2022;136,29;136,37;31 648 090;4 322 432 923,7;10,25128205;4,257692308;5,538034188;6,832478633;1,155982906;12,6534188
Sberbank;D;30.11.2022;136,5;136,78;26 816 190;3 645 274 279,8;10,25128205;4,257692308;5,538034188;6,832478633;1,155982906;12,6534188
Sberbank;D;01.12.2022;137,1;137,15;33 056 500;4 528 220 086,5;10,25128205;4,257692308;5,538034188;6,832478633;1,155982906;12,6534188
Sberbank;D;02.12.2022;136,99;136,66;19 261 670;2 631 801 491,3;10,25128205;4,257692308;5,538034188;6,832478633;1,155982906;12,6534188
Sberbank;D;05.12.2022;136,66;142;103 930 500;14 626 342 206,0;10,25128205;4,257692308;5,538034188;6,832478633;1,155982906;12,6534188
Sberbank;D;06.12.2022;142,2;140,61;51 823 300;7 320 200 569,4;10,25128205;4,257692308;5,538034188;6,832478633;1,155982906;12,6534188
Sberbank;D;07.12.2022;140,5;142,32;69 885 670;9 820 959 841,6;10,25128205;4,257692308;5,538034188;6,832478633;1,155982906;12,6534188
Sberbank;D;08.12.2022;143,5;139,92;64 056 510;9 051 030 863,8;10,25128205;4,257692308;5,538034188;6,832478633;1,155982906;12,6534188
Sberbank;D;09.12.2022;139,7;140,03;29 441 490;4 121 787 838,9;10,25128205;4,257692308;5,538034188;6,832478633;1,155982906;12,6534188
Sberbank;D;12.12.2022;140,19;139,48;33 477 470;4 674 567 348,3;10,25128205;4,257692308;5,538034188;6,832478633;1,155982906;12,6534188
Sberbank;D;13.12.2022;139,67;138,13;52 200 510;7 204 347 001,0;10,25128205;4,257692308;5,538034188;6,832478633;1,155982906;12,6534188
Sberbank;D;14.12.2022;138,28;137,3;34 074 890;4 682 726 701,5;10,25128205;4,257692308;5,538034188;6,832478633;1,155982906;12,6534188
Sberbank;D;15.12.2022;136,99;134,55;54 791 650;7 425 601 043,9;10,25128205;4,257692308;5,538034188;6,832478633;1,155982906;12,6534188
Sberbank;D;16.12.2022;134,5;135,45;32 802 120;4 438 893 679,0;10,25128205;4,257692308;5,538034188;6,832478633;1,155982906;12,6534188
Sberbank;D;19.12.2022;135,13;134,64;58 826 130;7 922 461 200,5;10,25128205;4,257692308;5,538034188;6,832478633;1,155982906;12,6534188
Sberbank;D;20.12.2022;134,51;138,28;45 017 120;6 164 921 383,7;10,25128205;4,257692308;5,538034188;6,832478633;1,155982906;12,6534188
Sberbank;D;21.12.2022;138,7;137,75;45 542 340;6 272 681 336,7;10,25128205;4,257692308;5,538034188;6,832478633;1,155982906;12,6534188
Sberbank;D;22.12.2022;137,99;137,69;30 562 140;4 219 452 712,4;10,25128205;4,257692308;5,538034188;6,832478633;1,155982906;12,6534188
Sberbank;D;23.12.2022;137,49;137,94;22 908 110;3 151 110 861,8;10,25128205;4,257692308;5,538034188;6,832478633;1,155982906;12,6534188
Sberbank;D;26.12.2022;138,33;140,95;49 379 370;6 912 819 148,3;10,25128205;4,257692308;5,538034188;6,832478633;1,155982906;12,6534188
Sberbank;D;27.12.2022;141,31;139,9;41 654 530;5 856 965 521,6;10,25128205;4,257692308;5,538034188;6,832478633;1,155982906;12,6534188
Sberbank;D;28.12.2022;139,73;139,51;28 045 010;3 911 970 512,0;10,25128205;4,257692308;5,538034188;6,832478633;1,155982906;12,6534188
Sberbank;D;29.12.2022;139,5;140,96;32 059 860;4 513 089 042,4;10,25128205;4,257692308;5,538034188;6,832478633;1,155982906;12,6534188
Sberbank;D;30.12.2022;140,8;141,15;28 175 080;3 968 971 100,4;10,25128205;4,257692308;5,538034188;6,832478633;1,155982906;12,6534188
Sberbank;D;04.01.2023;141,85;141,43;17 112 740;2 419 428 972,3;11,39493671;4,203797468;3,364978903;5,485232068;4,848101266;12,49324895
Sberbank;D;05.01.2023;141,6;141,27;17 245 300;2 435 171 391,9;11,39493671;4,203797468;3,364978903;5,485232068;4,848101266;12,49324895
Sberbank;D;06.01.2023;141,39;141,4;10 657 600;1 504 730 792,2;11,39493671;4,203797468;3,364978903;5,485232068;4,848101266;12,49324895
Sberbank;D;09.01.2023;141,83;142,4;31 449 160;4 480 148 303,4;11,39493671;4,203797468;3,364978903;5,485232068;4,848101266;12,49324895
Sberbank;D;10.01.2023;142,1;142,81;23 718 180;3 368 938 055,0;11,39493671;4,203797468;3,364978903;5,485232068;4,848101266;12,49324895
Sberbank;D;11.01.2023;142,97;149,96;123 147 040;18 097 145 617,6;11,39493671;4,203797468;3,364978903;5,485232068;4,848101266;12,49324895
Sberbank;D;12.01.2023;150,02;149,3;46 789 300;6 982 668 294,2;11,39493671;4,203797468;3,364978903;5,485232068;4,848101266;12,49324895
Sberbank;D;13.01.2023;149,58;151,69;88 520 210;13 374 657 598,8;11,39493671;4,203797468;3,364978903;5,485232068;4,848101266;12,49324895
Sberbank;D;16.01.2023;152,89;153,71;51 753 920;7 920 014 161,8;11,39493671;4,203797468;3,364978903;5,485232068;4,848101266;12,49324895
Sberbank;D;17.01.2023;154;150,45;84 404 770;12 790 444 010,5;11,39493671;4,203797468;3,364978903;5,485232068;4,848101266;12,49324895
Sberbank;D;18.01.2023;150,4;151,47;67 511 970;10 235 015 056,8;11,39493671;4,203797468;3,364978903;5,485232068;4,848101266;12,49324895
Sberbank;D;19.01.2023;151,2;149,34;66 813 960;10 027 708 961,8;11,39493671;4,203797468;3,364978903;5,485232068;4,848101266;12,49324895
Sberbank;D;20.01.2023;149,7;151,38;44 254 820;6 633 881 321,1;11,39493671;4,203797468;3,364978903;5,485232068;4,848101266;12,49324895
Sberbank;D;23.01.2023;151,9;153,5;55 198 870;8 453 400 896,7;11,39493671;4,203797468;3,364978903;5,485232068;4,848101266;12,49324895
Sberbank;D;24.01.2023;153,95;152,66;78 734 130;12 126 204 920,9;11,39493671;4,203797468;3,364978903;5,485232068;4,848101266;12,49324895
Sberbank;D;25.01.2023;152,45;152,81;43 376 700;6 613 609 683,1;11,39493671;4,203797468;3,364978903;5,485232068;4,848101266;12,49324895
Sberbank;D;26.01.2023;153,32;152,4;45 513 320;6 966 980 467,7;11,39493671;4,203797468;3,364978903;5,485232068;4,848101266;12,49324895
Sberbank;D;27.01.2023;152,4;153,2;34 123 690;5 213 964 676,6;11,39493671;4,203797468;3,364978903;5,485232068;4,848101266;12,49324895
Sberbank;D;30.01.2023;153,5;153,38;31 105 220;4 760 702 156,6;11,39493671;4,203797468;3,364978903;5,485232068;4,848101266;12,49324895
Sberbank;D;31.01.2023;153,51;158,07;77 890 320;12 127 748 512,5;11,39493671;4,203797468;3,364978903;5,485232068;4,848101266;12,49324895
Sberbank;D;01.02.2023;158,2;158,29;66 332 200;10 480 709 146,9;11,39493671;4,203797468;3,364978903;5,485232068;4,848101266;12,49324895
Sberbank;D;02.02.2023;158,4;159,45;53 866 380;8 572 049 477,0;11,39493671;4,203797468;3,364978903;5,485232068;4,848101266;12,49324895
Sberbank;D;03.02.2023;159,1;161,26;63 735 330;10 193 999 216,9;11,39493671;4,203797468;3,364978903;5,485232068;4,848101266;12,49324895
Sberbank;D;06.02.2023;161,78;167,09;89 083 530;14 666 403 495,3;11,39493671;4,203797468;3,364978903;5,485232068;4,848101266;12,49324895
Sberbank;D;07.02.2023;167,3;165,39;92 661 570;15 345 906 260,6;11,39493671;4,203797468;3,364978903;5,485232068;4,848101266;12,49324895
Sberbank;D;08.02.2023;165;164,15;58 669 030;9 652 989 000,6;11,39493671;4,203797468;3,364978903;5,485232068;4,848101266;12,49324895
Sberbank;D;09.02.2023;164,33;165,31;107 139 220;17 608 882 957,8;11,39493671;4,203797468;3,364978903;5,485232068;4,848101266;12,49324895
Sberbank;D;10.02.2023;165;165,52;40 924 680;6 774 229 866,8;11,39493671;4,203797468;3,364978903;5,485232068;4,848101266;12,49324895
Sberbank;D;13.02.2023;165,2;164,32;36 212 200;5 995 183 185,7;11,39493671;4,203797468;3,364978903;5,485232068;4,848101266;12,49324895
Sberbank;D;14.02.2023;164,3;161,86;58 832 960;9 574 244 266,6;11,39493671;4,203797468;3,364978903;5,485232068;4,848101266;12,49324895
Sberbank;D;15.02.2023;160,94;156,25;113 804 160;17 992 861 042,9;11,39493671;4,203797468;3,364978903;5,485232068;4,848101266;12,49324895
Sberbank;D;16.02.2023;157,33;158,22;68 549 280;10 824 261 902,6;11,39493671;4,203797468;3,364978903;5,485232068;4,848101266;12,49324895
Sberbank;D;17.02.2023;158;159,73;52 179 940;8 295 150 283,0;11,39493671;4,203797468;3,364978903;5,485232068;4,848101266;12,49324895
Sberbank;D;20.02.2023;159,41;160,09;63 971 610;10 151 613 700,1;11,39493671;4,203797468;3,364978903;5,485232068;4,848101266;12,49324895
Sberbank;D;21.02.2023;160,66;164,15;127 422 480;20 810 057 510,7;11,39493671;4,203797468;3,364978903;5,485232068;4,848101266;12,49324895
Sberbank;D;22.02.2023;164,13;163,37;43 772 430;7 150 966 488,1;11,39493671;4,203797468;3,364978903;5,485232068;4,848101266;12,49324895
Sberbank;D;24.02.2023;163,33;164,3;37 727 230;6 199 625 787,6;11,39493671;4,203797468;3,364978903;5,485232068;4,848101266;12,49324895
Sberbank;D;27.02.2023;163,52;169,95;100 133 280;16 780 738 615,2;11,39493671;4,203797468;3,364978903;5,485232068;4,848101266;12,49324895
Sberbank;D;28.02.2023;170,5;169,82;80 748 140;13 727 277 947,9;11,39493671;4,203797468;3,364978903;5,485232068;4,848101266;12,49324895
Sberbank;D;01.03.2023;170,4;170,53;53 784 730;9 167 860 118,1;11,39493671;4,203797468;3,364978903;5,485232068;4,848101266;12,49324895
Sberbank;D;02.03.2023;170,4;168,05;86 095 640;14 517 746 431,3;11,39493671;4,203797468;3,364978903;5,485232068;4,848101266;12,49324895
Sberbank;D;03.03.2023;168,17;171,16;49 566 770;8 415 476 818,0;11,39493671;4,203797468;3,364978903;5,485232068;4,848101266;12,49324895
Sberbank;D;06.03.2023;172,14;171,84;64 585 290;11 111 583 412,4;11,39493671;4,203797468;3,364978903;5,485232068;4,848101266;12,49324895
Sberbank;D;07.03.2023;171,87;174,01;55 287 380;9 555 925 415,8;11,39493671;4,203797468;3,364978903;5,485232068;4,848101266;12,49324895
Sberbank;D;09.03.2023;174,85;172,55;80 393 110;13 943 157 257,4;11,39493671;4,203797468;3,364978903;5,485232068;4,848101266;12,49324895
Sberbank;D;10.03.2023;171,55;172,53;50 256 970;8 636 905 460,0;11,39493671;4,203797468;3,364978903;5,485232068;4,848101266;12,49324895
Sberbank;D;13.03.2023;172,5;172,15;74 032 280;12 709 525 433,5;11,39493671;4,203797468;3,364978903;5,485232068;4,848101266;12,49324895
Sberbank;D;14.03.2023;171,61;175,71;89 325 670;15 601 317 280,3;11,39493671;4,203797468;3,364978903;5,485232068;4,848101266;12,49324895
Sberbank;D;15.03.2023;176;175,3;79 930 290;14 010 359 713,1;11,39493671;4,203797468;3,364978903;5,485232068;4,848101266;12,49324895
Sberbank;D;16.03.2023;174,94;175,45;51 534 160;8 999 771 334,6;11,39493671;4,203797468;3,364978903;5,485232068;4,848101266;12,49324895
Sberbank;D;17.03.2023;183;193,59;388 164 850;72 487 640 689,1;11,39493671;4,203797468;3,364978903;5,485232068;4,848101266;12,49324895
Sberbank;D;20.03.2023;196,02;203,73;156 714 250;31 309 861 829,0;11,39493671;4,203797468;3,364978903;5,485232068;4,848101266;12,49324895
Sberbank;D;21.03.2023;204,76;203,32;122 583 960;25 112 540 900,7;11,39493671;4,203797468;3,364978903;5,485232068;4,848101266;12,49324895
Sberbank;D;22.03.2023;203,4;202,89;57 568 140;11 679 333 494,7;11,39493671;4,203797468;3,364978903;5,485232068;4,848101266;12,49324895
Sberbank;D;23.03.2023;202,53;202,58;26 650 230;5 415 399 866,5;11,39493671;4,203797468;3,364978903;5,485232068;4,848101266;12,49324895
Sberbank;D;24.03.2023;202,86;203,57;24 325 540;4 939 230 840,9;11,39493671;4,203797468;3,364978903;5,485232068;4,848101266;12,49324895
Sberbank;D;27.03.2023;204,01;211,84;101 521 380;21 191 264 384,4;11,39493671;4,203797468;3,364978903;5,485232068;4,848101266;12,49324895
Sberbank;D;28.03.2023;212,86;214,03;73 901 050;15 726 501 741,8;11,39493671;4,203797468;3,364978903;5,485232068;4,848101266;12,49324895
Sberbank;D;29.03.2023;214,85;217,99;96 682 530;20 980 171 180,8;11,39493671;4,203797468;3,364978903;5,485232068;4,848101266;12,49324895
Sberbank;D;30.03.2023;217,3;216,87;40 886 950;8 884 287 057,7;11,39493671;4,203797468;3,364978903;5,485232068;4,848101266;12,49324895
Sberbank;D;31.03.2023;217,2;216,6;88 081 360;18 878 992 953,8;11,39493671;4,203797468;3,364978903;5,485232068;4,848101266;12,49324895
Sberbank;D;03.04.2023;218,45;216,09;55 175 630;11 951 820 883,8;11,39493671;4,203797468;3,364978903;5,485232068;4,848101266;12,49324895
Sberbank;D;04.04.2023;216,2;214,83;45 803 380;9 882 799 399,6;11,39493671;4,203797468;3,364978903;5,485232068;4,848101266;12,49324895
Sberbank;D;05.04.2023;214,65;216,15;46 177 490;9 891 663 991,7;11,39493671;4,203797468;3,364978903;5,485232068;4,848101266;12,49324895
Sberbank;D;06.04.2023;216,3;214,25;39 061 450;8 425 126 719,9;11,39493671;4,203797468;3,364978903;5,485232068;4,848101266;12,49324895
Sberbank;D;07.04.2023;214,5;216,27;29 198 130;6 286 417 581,4;11,39493671;4,203797468;3,364978903;5,485232068;4,848101266;12,49324895
Sberbank;D;10.04.2023;217,1;222,21;85 196 000;18 737 869 518,4;11,39493671;4,203797468;3,364978903;5,485232068;4,848101266;12,49324895
Sberbank;D;11.04.2023;222,9;218,6;98 538 370;21 743 759 463,1;11,39493671;4,203797468;3,364978903;5,485232068;4,848101266;12,49324895
Sberbank;D;12.04.2023;218,6;219,22;44 767 540;9 773 616 806,2;11,39493671;4,203797468;3,364978903;5,485232068;4,848101266;12,49324895
Sberbank;D;13.04.2023;219,49;219,85;32 672 160;7 159 179 734,3;11,39493671;4,203797468;3,364978903;5,485232068;4,848101266;12,49324895
Sberbank;D;14.04.2023;220;221,87;43 316 040;9 554 306 584,3;11,39493671;4,203797468;3,364978903;5,485232068;4,848101266;12,49324895
Sberbank;D;17.04.2023;222,98;228,1;78 797 270;17 756 638 468,9;11,39493671;4,203797468;3,364978903;5,485232068;4,848101266;12,49324895
Sberbank;D;18.04.2023;227,89;232,66;97 770 120;22 454 901 978,8;11,39493671;4,203797468;3,364978903;5,485232068;4,848101266;12,49324895
Sberbank;D;19.04.2023;232,67;232,95;115 713 300;27 097 765 520,1;11,39493671;4,203797468;3,364978903;5,485232068;4,848101266;12,49324895
Sberbank;D;20.04.2023;233,32;236,28;85 093 750;19 879 696 925,7;11,39493671;4,203797468;3,364978903;5,485232068;4,848101266;12,49324895
Sberbank;D;21.04.2023;237,4;235,17;115 905 760;27 370 731 655,4;11,39493671;4,203797468;3,364978903;5,485232068;4,848101266;12,49324895
Sberbank;D;24.04.2023;235,07;235,1;30 536 770;7 185 358 111,2;11,39493671;4,203797468;3,364978903;5,485232068;4,848101266;12,49324895
Sberbank;D;25.04.2023;235,13;235,3;32 187 450;7 565 048 264,5;11,39493671;4,203797468;3,364978903;5,485232068;4,848101266;12,49324895
Sberbank;D;26.04.2023;235,6;235,21;24 430 320;5 751 047 264,4;11,39493671;4,203797468;3,364978903;5,485232068;4,848101266;12,49324895
Sberbank;D;27.04.2023;235,59;240,38;68 311 610;16 307 607 839,2;11,39493671;4,203797468;3,364978903;5,485232068;4,848101266;12,49324895
Sberbank;D;28.04.2023;240,9;240,38;49 583 350;11 892 356 487,7;11,39493671;4,203797468;3,364978903;5,485232068;4,848101266;12,49324895
Sberbank;D;02.05.2023;242,2;242,62;83 957 810;20 364 151 649,6;11,39493671;4,203797468;3,364978903;5,485232068;4,848101266;12,49324895
Sberbank;D;03.05.2023;242,85;235,77;76 827 180;18 372 320 194,5;11,39493671;4,203797468;3,364978903;5,485232068;4,848101266;12,49324895
Sberbank;D;04.05.2023;236,89;238,89;53 079 590;12 637 521 165,2;11,39493671;4,203797468;3,364978903;5,485232068;4,848101266;12,49324895
Sberbank;D;05.05.2023;239,24;237,7;61 366 140;14 683 897 982,1;11,39493671;4,203797468;3,364978903;5,485232068;4,848101266;12,49324895
Sberbank;D;08.05.2023;238,69;238,27;47 865 890;11 420 605 923,6;11,39493671;4,203797468;3,364978903;5,485232068;4,848101266;12,49324895
Sberbank;D;10.05.2023;216,5;227,06;156 874 740;34 751 930 179,7;11,39493671;4,203797468;3,364978903;5,485232068;4,848101266;12,49324895
Sberbank;D;11.05.2023;228,87;229,32;197 302 410;45 532 596 380,3;11,39493671;4,203797468;3,364978903;5,485232068;4,848101266;12,49324895
Sberbank;D;12.05.2023;231;229,29;70 528 170;16 140 281 925,4;11,39493671;4,203797468;3,364978903;5,485232068;4,848101266;12,49324895
Sberbank;D;15.05.2023;230,51;231,7;49 090 190;11 295 223 379,6;11,39493671;4,203797468;3,364978903;5,485232068;4,848101266;12,49324895
Sberbank;D;16.05.2023;232,4;230,62;36 613 690;8 446 678 565,3;11,39493671;4,203797468;3,364978903;5,485232068;4,848101266;12,49324895
Sberbank;D;17.05.2023;229,86;230,55;31 770 380;7 300 922 562,3;11,39493671;4,203797468;3,364978903;5,485232068;4,848101266;12,49324895
Sberbank;D;18.05.2023;231,7;231,7;56 228 190;13 063 333 221,1;11,39493671;4,203797468;3,364978903;5,485232068;4,848101266;12,49324895
Sberbank;D;19.05.2023;230,99;231,27;31 639 980;7 309 847 108,3;11,39493671;4,203797468;3,364978903;5,485232068;4,848101266;12,49324895
Sberbank;D;22.05.2023;232,2;231;26 487 190;6 122 461 335,3;11,39493671;4,203797468;3,364978903;5,485232068;4,848101266;12,49324895
Sberbank;D;23.05.2023;231,25;236,43;63 010 540;14 730 893 977,2;11,39493671;4,203797468;3,364978903;5,485232068;4,848101266;12,49324895
Sberbank;D;24.05.2023;237,49;246,06;86 011 970;20 714 536 176,6;11,39493671;4,203797468;3,364978903;5,485232068;4,848101266;12,49324895
Sberbank;D;25.05.2023;246,1;243,76;70 882 360;17 342 598 158,4;11,39493671;4,203797468;3,364978903;5,485232068;4,848101266;12,49324895
Sberbank;D;26.05.2023;243,45;248,1;69 202 730;17 064 289 810,3;11,39493671;4,203797468;3,364978903;5,485232068;4,848101266;12,49324895
Sberbank;D;29.05.2023;249,78;251,18;67 999 610;17 017 721 478,8;11,39493671;4,203797468;3,364978903;5,485232068;4,848101266;12,49324895
Sberbank;D;30.05.2023;248,84;244,65;83 533 260;20 681 901 312,6;11,39493671;4,203797468;3,364978903;5,485232068;4,848101266;12,49324895
Sberbank;D;31.05.2023;244;246,17;72 912 500;17 794 062 792,6;11,39493671;4,203797468;3,364978903;5,485232068;4,848101266;12,49324895
Sberbank;D;01.06.2023;247;241,66;52 046 910;12 670 513 593,5;11,39493671;4,203797468;3,364978903;5,485232068;4,848101266;12,49324895
Sberbank;D;02.06.2023;242;243,95;46 542 940;11 331 232 122,6;11,39493671;4,203797468;3,364978903;5,485232068;4,848101266;12,49324895
Sberbank;D;05.06.2023;243,51;237,12;78 742 190;18 897 132 269,5;11,39493671;4,203797468;3,364978903;5,485232068;4,848101266;12,49324895
Sberbank;D;06.06.2023;235,92;240,91;100 640 180;23 816 658 058,8;11,39493671;4,203797468;3,364978903;5,485232068;4,848101266;12,49324895
Sberbank;D;07.06.2023;241,2;241,25;63 130 930;15 268 682 081,7;11,39493671;4,203797468;3,364978903;5,485232068;4,848101266;12,49324895
Sberbank;D;08.06.2023;241,3;241,77;29 945 470;7 222 971 807,9;11,39493671;4,203797468;3,364978903;5,485232068;4,848101266;12,49324895
Sberbank;D;09.06.2023;242,8;240,4;27 569 100;6 659 895 379,3;11,39493671;4,203797468;3,364978903;5,485232068;4,848101266;12,49324895
Sberbank;D;13.06.2023;241,51;244,33;40 551 890;9 863 948 131,0;11,39493671;4,203797468;3,364978903;5,485232068;4,848101266;12,49324895
Sberbank;D;14.06.2023;245,7;244,6;52 205 640;12 822 239 153,4;11,39493671;4,203797468;3,364978903;5,485232068;4,848101266;12,49324895
Sberbank;D;15.06.2023;245,11;245,18;40 063 590;9 807 475 223,8;11,39493671;4,203797468;3,364978903;5,485232068;4,848101266;12,49324895
Sberbank;D;16.06.2023;245,5;243,87;23 441 160;5 729 888 135,6;11,39493671;4,203797468;3,364978903;5,485232068;4,848101266;12,49324895
Sberbank;D;19.06.2023;244,47;242,28;29 844 240;7 239 082 414,0;11,39493671;4,203797468;3,364978903;5,485232068;4,848101266;12,49324895
Sberbank;D;20.06.2023;241,99;241,74;36 621 960;8 820 107 717,8;11,39493671;4,203797468;3,364978903;5,485232068;4,848101266;12,49324895
Sberbank;D;21.06.2023;241,9;242,2;26 830 770;6 509 866 591,4;11,39493671;4,203797468;3,364978903;5,485232068;4,848101266;12,49324895
Sberbank;D;22.06.2023;242,15;240,66;23 136 750;5 590 904 541,9;11,39493671;4,203797468;3,364978903;5,485232068;4,848101266;12,49324895
Sberbank;D;23.06.2023;239,98;235,67;61 886 110;14 736 944 961,5;11,39493671;4,203797468;3,364978903;5,485232068;4,848101266;12,49324895
Sberbank;D;26.06.2023;239,6;238,4;82 016 390;19 509 065 518,1;11,39493671;4,203797468;3,364978903;5,485232068;4,848101266;12,49324895
Sberbank;D;27.06.2023;239,02;241,21;51 466 410;12 350 836 600,0;11,39493671;4,203797468;3,364978903;5,485232068;4,848101266;12,49324895
Sberbank;D;28.06.2023;241,8;239,67;28 310 570;6 793 968 901,0;11,39493671;4,203797468;3,364978903;5,485232068;4,848101266;12,49324895
Sberbank;D;29.06.2023;239,94;239,99;28 192 150;6 771 141 228,4;11,39493671;4,203797468;3,364978903;5,485232068;4,848101266;12,49324895
Sberbank;D;30.06.2023;240;239,61;24 051 460;5 759 887 900,0;11,39493671;4,203797468;3,364978903;5,485232068;4,848101266;12,49324895
Sberbank;D;03.07.2023;240;243,33;47 333 310;11 469 844 958,6;11,39493671;4,203797468;3,364978903;5,485232068;4,848101266;12,49324895
Sberbank;D;04.07.2023;243,4;240,7;41 561 500;10 055 387 487,4;11,39493671;4,203797468;3,364978903;5,485232068;4,848101266;12,49324895
Sberbank;D;05.07.2023;241,49;240,95;19 972 080;4 814 047 501,4;11,39493671;4,203797468;3,364978903;5,485232068;4,848101266;12,49324895
Sberbank;D;06.07.2023;241,47;240,96;23 260 340;5 618 736 214,0;11,39493671;4,203797468;3,364978903;5,485232068;4,848101266;12,49324895
Sberbank;D;07.07.2023;241,49;243,67;30 275 210;7 332 444 797,9;11,39493671;4,203797468;3,364978903;5,485232068;4,848101266;12,49324895
Sberbank;D;10.07.2023;244,21;249,4;65 076 680;16 071 729 444,1;11,39493671;4,203797468;3,364978903;5,485232068;4,848101266;12,49324895
Sberbank;D;11.07.2023;250,01;247,99;49 590 820;12 299 322 430,2;11,39493671;4,203797468;3,364978903;5,485232068;4,848101266;12,49324895
Sberbank;D;12.07.2023;248,4;247,52;39 316 540;9 753 032 391,9;11,39493671;4,203797468;3,364978903;5,485232068;4,848101266;12,49324895
Sberbank;D;13.07.2023;247,97;246,19;29 561 460;7 288 359 089,4;11,39493671;4,203797468;3,364978903;5,485232068;4,848101266;12,49324895
Sberbank;D;14.07.2023;246,32;246,45;25 661 560;6 311 038 243,1;11,39493671;4,203797468;3,364978903;5,485232068;4,848101266;12,49324895
Sberbank;D;17.07.2023;244,77;245,39;36 193 390;8 878 816 493,1;11,39493671;4,203797468;3,364978903;5,485232068;4,848101266;12,49324895
Sberbank;D;18.07.2023;245,8;246,77;36 008 340;8 881 118 332,9;11,39493671;4,203797468;3,364978903;5,485232068;4,848101266;12,49324895
Sberbank;D;19.07.2023;247,25;245,85;31 451 760;7 752 930 513,8;11,39493671;4,203797468;3,364978903;5,485232068;4,848101266;12,49324895
Sberbank;D;20.07.2023;246,27;242,7;36 027 010;8 801 178 563,7;11,39493671;4,203797468;3,364978903;5,485232068;4,848101266;12,49324895
Sberbank;D;21.07.2023;243,18;244,13;32 271 770;7 857 419 374,2;11,39493671;4,203797468;3,364978903;5,485232068;4,848101266;12,49324895
Sberbank;D;24.07.2023;244;244,87;19 769 440;4 841 185 545,1;11,39493671;4,203797468;3,364978903;5,485232068;4,848101266;12,49324895
Sberbank;D;25.07.2023;245,48;247,2;39 733 390;9 802 524 256,7;11,39493671;4,203797468;3,364978903;5,485232068;4,848101266;12,49324895
Sberbank;D;26.07.2023;247,2;247,05;26 119 270;6 452 766 655,3;11,39493671;4,203797468;3,364978903;5,485232068;4,848101266;12,49324895
Sberbank;D;27.07.2023;247,5;247,95;39 793 470;9 888 953 807,4;11,39493671;4,203797468;3,364978903;5,485232068;4,848101266;12,49324895
Sberbank;D;28.07.2023;248;249,25;35 776 620;8 882 595 853,3;11,39493671;4,203797468;3,364978903;5,485232068;4,848101266;12,49324895
Sberbank;D;31.07.2023;251,33;267,4;167 914 420;43 588 329 451,2;11,39493671;4,203797468;3,364978903;5,485232068;4,848101266;12,49324895
Sberbank;D;01.08.2023;269;268,5;162 988 910;43 867 907 028,7;11,39493671;4,203797468;3,364978903;5,485232068;4,848101266;12,49324895
Sberbank;D;02.08.2023;268,5;268,57;48 418 320;12 994 793 534,9;11,39493671;4,203797468;3,364978903;5,485232068;4,848101266;12,49324895
Sberbank;D;03.08.2023;269;269,11;75 757 120;20 410 042 951,8;11,39493671;4,203797468;3,364978903;5,485232068;4,848101266;12,49324895
Sberbank;D;04.08.2023;269,48;264,12;132 212 230;35 356 837 729,0;11,39493671;4,203797468;3,364978903;5,485232068;4,848101266;12,49324895
Sberbank;D;07.08.2023;266,54;261,92;61 531 090;16 298 932 253,3;11,39493671;4,203797468;3,364978903;5,485232068;4,848101266;12,49324895
Sberbank;D;08.08.2023;261,92;264,62;65 114 820;17 041 697 177,0;11,39493671;4,203797468;3,364978903;5,485232068;4,848101266;12,49324895
Sberbank;D;09.08.2023;265,47;263,91;34 994 150;9 249 536 249,7;11,39493671;4,203797468;3,364978903;5,485232068;4,848101266;12,49324895
Sberbank;D;10.08.2023;264,73;266,91;37 292 060;9 917 152 046,2;11,39493671;4,203797468;3,364978903;5,485232068;4,848101266;12,49324895
Sberbank;D;11.08.2023;267,26;266,23;24 846 460;6 609 842 078,6;11,39493671;4,203797468;3,364978903;5,485232068;4,848101266;12,49324895
Sberbank;D;14.08.2023;267,37;260,45;86 724 810;22 902 790 188,0;11,39493671;4,203797468;3,364978903;5,485232068;4,848101266;12,49324895
Sberbank;D;15.08.2023;259;260,42;59 232 630;15 503 423 730,3;11,39493671;4,203797468;3,364978903;5,485232068;4,848101266;12,49324895
Sberbank;D;16.08.2023;261,29;256,02;71 823 620;18 480 740 234,3;11,39493671;4,203797468;3,364978903;5,485232068;4,848101266;12,49324895
Sberbank;D;17.08.2023;257,15;258,5;35 937 920;9 242 381 700,9;11,39493671;4,203797468;3,364978903;5,485232068;4,848101266;12,49324895
Sberbank;D;18.08.2023;258,4;261,14;31 064 600;8 050 824 110,9;11,39493671;4,203797468;3,364978903;5,485232068;4,848101266;12,49324895
Sberbank;D;21.08.2023;262,44;261,15;35 766 040;9 346 055 970,9;11,39493671;4,203797468;3,364978903;5,485232068;4,848101266;12,49324895
Sberbank;D;22.08.2023;261,92;261,45;25 953 320;6 769 122 940,9;11,39493671;4,203797468;3,364978903;5,485232068;4,848101266;12,49324895
Sberbank;D;23.08.2023;261,5;256,4;53 116 160;13 720 905 467,1;11,39493671;4,203797468;3,364978903;5,485232068;4,848101266;12,49324895
Sberbank;D;24.08.2023;257,63;259,63;26 979 270;6 959 479 100,0;11,39493671;4,203797468;3,364978903;5,485232068;4,848101266;12,49324895
Sberbank;D;25.08.2023;258,8;260,5;28 575 150;7 426 717 866,2;11,39493671;4,203797468;3,364978903;5,485232068;4,848101266;12,49324895
Sberbank;D;28.08.2023;261,32;266,93;57 897 070;15 334 069 568,9;11,39493671;4,203797468;3,364978903;5,485232068;4,848101266;12,49324895
Sberbank;D;29.08.2023;266,7;265,68;35 407 330;9 425 505 447,3;11,39493671;4,203797468;3,364978903;5,485232068;4,848101266;12,49324895
Sberbank;D;30.08.2023;265,68;264,7;38 604 380;10 237 031 481,4;11,39493671;4,203797468;3,364978903;5,485232068;4,848101266;12,49324895
Sberbank;D;31.08.2023;265,04;264,85;22 582 290;5 993 343 768,2;11,39493671;4,203797468;3,364978903;5,485232068;4,848101266;12,49324895
Sberbank;D;01.09.2023;265,4;265;19 265 170;5 100 561 546,5;11,39493671;4,203797468;3,364978903;5,485232068;4,848101266;12,49324895
Sberbank;D;04.09.2023;266,5;267,39;48 140 770;12 877 036 020,6;11,39493671;4,203797468;3,364978903;5,485232068;4,848101266;12,49324895
Sberbank;D;05.09.2023;266,74;264,75;39 811 860;10 571 300 705,4;11,39493671;4,203797468;3,364978903;5,485232068;4,848101266;12,49324895
Sberbank;D;06.09.2023;264,33;263,5;28 341 890;7 464 966 620,5;11,39493671;4,203797468;3,364978903;5,485232068;4,848101266;12,49324895
Sberbank;D;07.09.2023;263,69;258,79;67 688 600;17 586 948 788,7;11,39493671;4,203797468;3,364978903;5,485232068;4,848101266;12,49324895
Sberbank;D;08.09.2023;258,08;255,68;49 562 810;12 703 139 529,3;11,39493671;4,203797468;3,364978903;5,485232068;4,848101266;12,49324895
Sberbank;D;11.09.2023;257;256,25;43 282 460;11 118 810 652,0;11,39493671;4,203797468;3,364978903;5,485232068;4,848101266;12,49324895
Sberbank;D;12.09.2023;257,7;262,4;45 160 820;11 734 500 325,7;11,39493671;4,203797468;3,364978903;5,485232068;4,848101266;12,49324895
Sberbank;D;13.09.2023;262,4;258,18;30 051 360;7 819 067 326,6;11,39493671;4,203797468;3,364978903;5,485232068;4,848101266;12,49324895
Sberbank;D;14.09.2023;258,9;260;46 227 900;11 926 823 552,1;11,39493671;4,203797468;3,364978903;5,485232068;4,848101266;12,49324895
Sberbank;D;15.09.2023;259,65;260,83;35 581 630;9 278 013 469,0;11,39493671;4,203797468;3,364978903;5,485232068;4,848101266;12,49324895
Sberbank;D;18.09.2023;262,02;259,07;29 037 560;7 570 774 955,6;11,39493671;4,203797468;3,364978903;5,485232068;4,848101266;12,49324895
Sberbank;D;19.09.2023;258,99;252,72;89 551 540;22 788 038 781,3;11,39493671;4,203797468;3,364978903;5,485232068;4,848101266;12,49324895
Sberbank;D;20.09.2023;252,8;253,77;66 831 270;16 916 624 771,2;11,39493671;4,203797468;3,364978903;5,485232068;4,848101266;12,49324895
Sberbank;D;21.09.2023;252,87;250,16;58 913 730;14 795 034 218,3;11,39493671;4,203797468;3,364978903;5,485232068;4,848101266;12,49324895
Sberbank;D;22.09.2023;249,85;251,99;40 714 900;10 243 374 236,0;11,39493671;4,203797468;3,364978903;5,485232068;4,848101266;12,49324895
Sberbank;D;25.09.2023;252;252,65;31 863 690;8 008 924 561,2;11,39493671;4,203797468;3,364978903;5,485232068;4,848101266;12,49324895
Sberbank;D;26.09.2023;252,13;255,87;42 960 400;10 912 472 469,6;11,39493671;4,203797468;3,364978903;5,485232068;4,848101266;12,49324895
Sberbank;D;27.09.2023;256,2;256,1;27 880 630;7 148 789 525,8;11,39493671;4,203797468;3,364978903;5,485232068;4,848101266;12,49324895
Sberbank;D;28.09.2023;256,4;257,67;26 331 160;6 771 650 933,6;11,39493671;4,203797468;3,364978903;5,485232068;4,848101266;12,49324895
Sberbank;D;29.09.2023;258;260,72;68 533 310;17 870 619 137,4;11,39493671;4,203797468;3,364978903;5,485232068;4,848101266;12,49324895
Sberbank;D;02.10.2023;261,37;258,98;35 574 470;9 234 131 821,3;11,39493671;4,203797468;3,364978903;5,485232068;4,848101266;12,49324895
Sberbank;D;03.10.2023;258,99;259,65;23 911 430;6 193 849 314,7;11,39493671;4,203797468;3,364978903;5,485232068;4,848101266;12,49324895
Sberbank;D;04.10.2023;259;259,53;18 571 620;4 816 207 232,0;11,39493671;4,203797468;3,364978903;5,485232068;4,848101266;12,49324895
Sberbank;D;05.10.2023;260,7;259,38;23 501 620;6 111 704 653,5;11,39493671;4,203797468;3,364978903;5,485232068;4,848101266;12,49324895
Sberbank;D;06.10.2023;259,77;262,93;32 001 280;8 338 546 572,1;11,39493671;4,203797468;3,364978903;5,485232068;4,848101266;12,49324895
Sberbank;D;09.10.2023;263;265,25;45 447 720;12 036 758 886,8;11,39493671;4,203797468;3,364978903;5,485232068;4,848101266;12,49324895
Sberbank;D;10.10.2023;264,89;263;34 001 290;8 962 447 421,9;11,39493671;4,203797468;3,364978903;5,485232068;4,848101266;12,49324895
Sberbank;D;11.10.2023;263,3;260,21;29 495 790;7 743 000 723,4;11,39493671;4,203797468;3,364978903;5,485232068;4,848101266;12,49324895
Sberbank;D;12.10.2023;260;264,5;27 549 160;7 233 267 191,0;11,39493671;4,203797468;3,364978903;5,485232068;4,848101266;12,49324895
Sberbank;D;13.10.2023;264,89;263,51;18 408 670;4 851 837 828,5;11,39493671;4,203797468;3,364978903;5,485232068;4,848101266;12,49324895
Sberbank;D;16.10.2023;264;268,15;53 723 180;14 344 201 420,1;11,39493671;4,203797468;3,364978903;5,485232068;4,848101266;12,49324895
Sberbank;D;17.10.2023;268,3;270;51 214 360;13 825 850 433,3;11,39493671;4,203797468;3,364978903;5,485232068;4,848101266;12,49324895
Sberbank;D;18.10.2023;270;267,9;40 380 530;10 845 314 693,3;11,39493671;4,203797468;3,364978903;5,485232068;4,848101266;12,49324895
Sberbank;D;19.10.2023;267,13;268,65;33 532 880;9 007 682 323,1;11,39493671;4,203797468;3,364978903;5,485232068;4,848101266;12,49324895
Sberbank;D;20.10.2023;268,5;269,8;32 879 730;8 836 450 519,3;11,39493671;4,203797468;3,364978903;5,485232068;4,848101266;12,49324895
Sberbank;D;23.10.2023;270,45;270,1;62 432 160;16 984 291 674,3;11,39493671;4,203797468;3,364978903;5,485232068;4,848101266;12,49324895
Sberbank;D;24.10.2023;270;271,27;28 029 860;7 588 324 230,3;11,39493671;4,203797468;3,364978903;5,485232068;4,848101266;12,49324895
Sberbank;D;25.10.2023;271,5;273,73;41 830 970;11 415 367 308,1;11,39493671;4,203797468;3,364978903;5,485232068;4,848101266;12,49324895
Sberbank;D;26.10.2023;274,11;269,9;59 497 750;16 225 541 281,4;11,39493671;4,203797468;3,364978903;5,485232068;4,848101266;12,49324895
Sberbank;D;27.10.2023;269,93;269,7;49 779 630;13 403 054 524,8;11,39493671;4,203797468;3,364978903;5,485232068;4,848101266;12,49324895
Sberbank;D;30.10.2023;269,9;269,89;33 345 990;9 008 697 112,8;11,39493671;4,203797468;3,364978903;5,485232068;4,848101266;12,49324895
Sberbank;D;31.10.2023;270;268,35;26 210 450;7 029 773 669,2;11,39493671;4,203797468;3,364978903;5,485232068;4,848101266;12,49324895
Sberbank;D;01.11.2023;268,29;269,68;20 609 480;5 549 754 579,7;11,39493671;4,203797468;3,364978903;5,485232068;4,848101266;12,49324895
Sberbank;D;02.11.2023;270;269,06;25 751 530;6 944 685 370,1;11,39493671;4,203797468;3,364978903;5,485232068;4,848101266;12,49324895
Sberbank;D;03.11.2023;269,07;268,54;20 981 280;5 636 878 200,6;11,39493671;4,203797468;3,364978903;5,485232068;4,848101266;12,49324895
Sberbank;D;06.11.2023;269;273,42;29 274 160;7 958 186 555,7;11,39493671;4,203797468;3,364978903;5,485232068;4,848101266;12,49324895
Sberbank;D;07.11.2023;273,01;273,31;32 275 170;8 823 191 181,7;11,39493671;4,203797468;3,364978903;5,485232068;4,848101266;12,49324895
Sberbank;D;08.11.2023;273,64;278,15;58 032 670;16 058 628 329,9;11,39493671;4,203797468;3,364978903;5,485232068;4,848101266;12,49324895
Sberbank;D;09.11.2023;278,6;276,65;28 430 630;7 882 378 166,5;11,39493671;4,203797468;3,364978903;5,485232068;4,848101266;12,49324895
Sberbank;D;10.11.2023;276,99;280,19;44 643 290;12 486 368 414,0;11,39493671;4,203797468;3,364978903;5,485232068;4,848101266;12,49324895
Sberbank;D;13.11.2023;280,4;283,97;45 887 770;12 987 568 839,3;11,39493671;4,203797468;3,364978903;5,485232068;4,848101266;12,49324895
Sberbank;D;14.11.2023;283,7;280,87;40 484 810;11 420 870 892,9;11,39493671;4,203797468;3,364978903;5,485232068;4,848101266;12,49324895
Sberbank;D;15.11.2023;280,87;282,89;41 837 690;11 759 519 733,3;11,39493671;4,203797468;3,364978903;5,485232068;4,848101266;12,49324895
Sberbank;D;16.11.2023;282,4;279,7;24 696 600;6 960 894 309,1;11,39493671;4,203797468;3,364978903;5,485232068;4,848101266;12,49324895
Sberbank;D;17.11.2023;279,7;281,6;31 322 320;8 802 030 848,8;11,39493671;4,203797468;3,364978903;5,485232068;4,848101266;12,49324895
Sberbank;D;20.11.2023;281,96;282,91;25 291 010;7 159 259 895,1;11,39493671;4,203797468;3,364978903;5,485232068;4,848101266;12,49324895
Sberbank;D;21.11.2023;282,3;282,79;19 099 390;5 398 749 981,4;11,39493671;4,203797468;3,364978903;5,485232068;4,848101266;12,49324895
Sberbank;D;22.11.2023;283,12;286,16;47 296 890;13 495 087 731,8;11,39493671;4,203797468;3,364978903;5,485232068;4,848101266;12,49324895
Sberbank;D;23.11.2023;286,16;286,19;27 724 080;7 943 750 424,6;11,39493671;4,203797468;3,364978903;5,485232068;4,848101266;12,49324895
Sberbank;D;24.11.2023;286,49;286,85;26 067 870;7 464 158 319,9;11,39493671;4,203797468;3,364978903;5,485232068;4,848101266;12,49324895
Sberbank;D;27.11.2023;287,4;282,33;79 146 090;22 471 824 107,9;11,39493671;4,203797468;3,364978903;5,485232068;4,848101266;12,49324895
Sberbank;D;28.11.2023;282,4;279,91;45 507 410;12 723 607 276,7;11,39493671;4,203797468;3,364978903;5,485232068;4,848101266;12,49324895
Sberbank;D;29.11.2023;279,36;276,8;29 820 830;8 285 652 355,3;11,39493671;4,203797468;3,364978903;5,485232068;4,848101266;12,49324895
Sberbank;D;30.11.2023;276,7;277,5;55 873 540;15 391 411 364,4;11,39493671;4,203797468;3,364978903;5,485232068;4,848101266;12,49324895
Sberbank;D;01.12.2023;277;273,97;31 660 970;8 726 777 005,9;11,39493671;4,203797468;3,364978903;5,485232068;4,848101266;12,49324895
